{
    "$schema": "https://schema.management.azure.com/schemas/2015-01-01/deploymentParameters.json#",
    "contentVersion": "1.0.0.0",
    "parameters": {
        "workflows_PRHQueryApp_name": {
            "value": null
        },
        "serverfarms_RipanTest01Plan_name": {
            "value": null
        },
        "sites_FunctionAppPHRSearch01_name": {
            "value": null
        },
        "sites_CompanySearchAppMVCCore2_name": {
            "value": null
        },
        "serverfarms_CompanySearchAppMVCCore2_name": {
            "value": null
        },
        "storageAccounts_ripantest01storage_name": {
            "value": null
        },
        "config_web_name": {
            "value": null
        },
        "config_web_name_1": {
            "value": null
        },
        "hostNameBindings_functionappphrsearch01.azurewebsites.net_name": {
            "value": null
        },
        "hostNameBindings_companysearchappmvccore2.azurewebsites.net_name": {
            "value": null
        }
    }
}