{
    "$schema": "https://schema.management.azure.com/schemas/2015-01-01/deploymentTemplate.json#",
    "contentVersion": "1.0.0.0",
    "parameters": {
        "workflows_PRHQueryApp_name": {
            "defaultValue": "PRHQueryApp",
            "type": "String"
        },
        "serverfarms_RipanTest01Plan_name": {
            "defaultValue": "RipanTest01Plan",
            "type": "String"
        },
        "sites_FunctionAppPHRSearch01_name": {
            "defaultValue": "FunctionAppPHRSearch01",
            "type": "String"
        },
        "sites_CompanySearchAppMVCCore2_name": {
            "defaultValue": "CompanySearchAppMVCCore2",
            "type": "String"
        },
        "serverfarms_CompanySearchAppMVCCore2_name": {
            "defaultValue": "CompanySearchAppMVCCore2",
            "type": "String"
        },
        "storageAccounts_ripantest01storage_name": {
            "defaultValue": "ripantest01storage",
            "type": "String"
        },
        "config_web_name": {
            "defaultValue": "web",
            "type": "String"
        },
        "config_web_name_1": {
            "defaultValue": "web",
            "type": "String"
        },
        "hostNameBindings_functionappphrsearch01.azurewebsites.net_name": {
            "defaultValue": "functionappphrsearch01.azurewebsites.net",
            "type": "String"
        },
        "hostNameBindings_companysearchappmvccore2.azurewebsites.net_name": {
            "defaultValue": "companysearchappmvccore2.azurewebsites.net",
            "type": "String"
        }
    },
    "variables": {},
    "resources": [
        {
            "comments": "Generalized from resource: '/subscriptions/582bbb5c-6b4d-4744-8af5-3b1002987279/resourceGroups/RipanTest01RG/providers/Microsoft.Logic/workflows/PRHQueryApp'.",
            "type": "Microsoft.Logic/workflows",
            "name": "[parameters('workflows_PRHQueryApp_name')]",
            "apiVersion": "2017-07-01",
            "location": "northeurope",
            "tags": {},
            "scale": null,
            "properties": {
                "state": "Enabled",
                "definition": {
                    "$schema": "https://schema.management.azure.com/providers/Microsoft.Logic/schemas/2016-06-01/workflowdefinition.json#",
                    "contentVersion": "1.0.0.0",
                    "parameters": {},
                    "triggers": {
                        "request": {
                            "type": "Request",
                            "kind": "Http",
                            "inputs": {
                                "method": "GET",
                                "relativePath": "CompanySearch/{CompanyID}",
                                "schema": {}
                            }
                        }
                    },
                    "actions": {
                        "HTTP": {
                            "runAfter": {},
                            "type": "Http",
                            "inputs": {
                                "method": "GET",
                                "uri": "https://avoindata.prh.fi/bis/v1/@{triggerOutputs()['relativePathParameters']['CompanyID']}"
                            }
                        },
                        "Response": {
                            "runAfter": {
                                "HTTP": [
                                    "Succeeded"
                                ]
                            },
                            "type": "Response",
                            "inputs": {
                                "body": "@body('HTTP')",
                                "statusCode": 200
                            }
                        }
                    },
                    "outputs": {}
                },
                "parameters": {}
            },
            "dependsOn": []
        },
        {
            "comments": "Generalized from resource: '/subscriptions/582bbb5c-6b4d-4744-8af5-3b1002987279/resourceGroups/RipanTest01RG/providers/Microsoft.Storage/storageAccounts/ripantest01storage'.",
            "type": "Microsoft.Storage/storageAccounts",
            "sku": {
                "name": "Standard_LRS",
                "tier": "Standard"
            },
            "kind": "Storage",
            "name": "[parameters('storageAccounts_ripantest01storage_name')]",
            "apiVersion": "2017-10-01",
            "location": "centralus",
            "tags": {},
            "scale": null,
            "properties": {
                "networkAcls": {
                    "bypass": "AzureServices",
                    "virtualNetworkRules": [],
                    "ipRules": [],
                    "defaultAction": "Allow"
                },
                "supportsHttpsTrafficOnly": false,
                "encryption": {
                    "services": {
                        "file": {
                            "enabled": true
                        },
                        "blob": {
                            "enabled": true
                        }
                    },
                    "keySource": "Microsoft.Storage"
                }
            },
            "dependsOn": []
        },
        {
            "comments": "Generalized from resource: '/subscriptions/582bbb5c-6b4d-4744-8af5-3b1002987279/resourceGroups/RipanTest01RG/providers/Microsoft.Web/serverfarms/CompanySearchAppMVCCore2'.",
            "type": "Microsoft.Web/serverfarms",
            "sku": {
                "name": "F1",
                "tier": "Free",
                "size": "F1",
                "family": "F",
                "capacity": 0
            },
            "kind": "app",
            "name": "[parameters('serverfarms_CompanySearchAppMVCCore2_name')]",
            "apiVersion": "2016-09-01",
            "location": "North Europe",
            "scale": null,
            "properties": {
                "name": "[parameters('serverfarms_CompanySearchAppMVCCore2_name')]",
                "workerTierName": null,
                "adminSiteName": null,
                "hostingEnvironmentProfile": null,
                "perSiteScaling": false,
                "reserved": false,
                "targetWorkerCount": 0,
                "targetWorkerSizeId": 0
            },
            "dependsOn": []
        },
        {
            "comments": "Generalized from resource: '/subscriptions/582bbb5c-6b4d-4744-8af5-3b1002987279/resourceGroups/RipanTest01RG/providers/Microsoft.Web/serverfarms/RipanTest01Plan'.",
            "type": "Microsoft.Web/serverfarms",
            "sku": {
                "name": "Y1",
                "tier": "Dynamic",
                "size": "Y1",
                "family": "Y",
                "capacity": 0
            },
            "kind": "functionapp",
            "name": "[parameters('serverfarms_RipanTest01Plan_name')]",
            "apiVersion": "2016-09-01",
            "location": "North Europe",
            "scale": null,
            "properties": {
                "name": "[parameters('serverfarms_RipanTest01Plan_name')]",
                "workerTierName": null,
                "adminSiteName": null,
                "hostingEnvironmentProfile": null,
                "perSiteScaling": false,
                "reserved": false,
                "targetWorkerCount": 0,
                "targetWorkerSizeId": 0
            },
            "dependsOn": []
        },
        {
            "comments": "Generalized from resource: '/subscriptions/582bbb5c-6b4d-4744-8af5-3b1002987279/resourceGroups/RipanTest01RG/providers/Microsoft.Web/sites/FunctionAppPHRSearch01'.",
            "type": "Microsoft.Web/sites",
            "kind": "functionapp",
            "name": "[parameters('sites_FunctionAppPHRSearch01_name')]",
            "apiVersion": "2016-08-01",
            "location": "North Europe",
            "tags": {
                "hidden-related:/subscriptions/582bbb5c-6b4d-4744-8af5-3b1002987279/resourceGroups/RipanTest01RG/providers/Microsoft.Web/serverfarms/RipanTest01Plan": "empty"
            },
            "scale": null,
            "properties": {
                "enabled": true,
                "hostNameSslStates": [
                    {
                        "name": "[concat(parameters('sites_FunctionAppPHRSearch01_name'),'functionappphrsearch01.azurewebsites.net')]",
                        "sslState": "Disabled",
                        "virtualIP": null,
                        "thumbprint": null,
                        "toUpdate": null,
                        "hostType": "Standard"
                    },
                    {
                        "name": "[concat(parameters('sites_FunctionAppPHRSearch01_name'),'functionappphrsearch01.scm.azurewebsites.net')]",
                        "sslState": "Disabled",
                        "virtualIP": null,
                        "thumbprint": null,
                        "toUpdate": null,
                        "hostType": "Repository"
                    }
                ],
                "serverFarmId": "[resourceId('Microsoft.Web/serverfarms', parameters('serverfarms_RipanTest01Plan_name'))]",
                "reserved": false,
                "siteConfig": null,
                "scmSiteAlsoStopped": false,
                "hostingEnvironmentProfile": null,
                "clientAffinityEnabled": true,
                "clientCertEnabled": false,
                "hostNamesDisabled": false,
                "containerSize": 1536,
                "dailyMemoryTimeQuota": 0,
                "cloningInfo": null
            },
            "dependsOn": [
                "[resourceId('Microsoft.Web/serverfarms', parameters('serverfarms_RipanTest01Plan_name'))]"
            ]
        },
        {
            "comments": "Generalized from resource: '/subscriptions/582bbb5c-6b4d-4744-8af5-3b1002987279/resourceGroups/RipanTest01RG/providers/Microsoft.Web/sites/CompanySearchAppMVCCore2'.",
            "type": "Microsoft.Web/sites",
            "kind": "app",
            "name": "[parameters('sites_CompanySearchAppMVCCore2_name')]",
            "apiVersion": "2016-08-01",
            "location": "North Europe",
            "tags": {
                "hidden-related:/subscriptions/582bbb5c-6b4d-4744-8af5-3b1002987279/resourceGroups/RipanTest01RG/providers/Microsoft.Web/serverfarms/CompanySearchAppMVCCore2": "empty"
            },
            "scale": null,
            "properties": {
                "enabled": true,
                "hostNameSslStates": [
                    {
                        "name": "[concat(parameters('sites_CompanySearchAppMVCCore2_name'),'companysearchappmvccore2.azurewebsites.net')]",
                        "sslState": "Disabled",
                        "virtualIP": null,
                        "thumbprint": null,
                        "toUpdate": null,
                        "hostType": "Standard"
                    },
                    {
                        "name": "[concat(parameters('sites_CompanySearchAppMVCCore2_name'),'companysearchappmvccore2.scm.azurewebsites.net')]",
                        "sslState": "Disabled",
                        "virtualIP": null,
                        "thumbprint": null,
                        "toUpdate": null,
                        "hostType": "Repository"
                    }
                ],
                "serverFarmId": "[resourceId('Microsoft.Web/serverfarms', parameters('serverfarms_CompanySearchAppMVCCore2_name'))]",
                "reserved": false,
                "siteConfig": null,
                "scmSiteAlsoStopped": false,
                "hostingEnvironmentProfile": null,
                "clientAffinityEnabled": true,
                "clientCertEnabled": false,
                "hostNamesDisabled": false,
                "containerSize": 0,
                "dailyMemoryTimeQuota": 0,
                "cloningInfo": null
            },
            "dependsOn": [
                "[resourceId('Microsoft.Web/serverfarms', parameters('serverfarms_CompanySearchAppMVCCore2_name'))]"
            ]
        },
        {
            "comments": "Generalized from resource: '/subscriptions/582bbb5c-6b4d-4744-8af5-3b1002987279/resourceGroups/RipanTest01RG/providers/Microsoft.Web/sites/FunctionAppPHRSearch01/config/web'.",
            "type": "Microsoft.Web/sites/config",
            "name": "[concat(parameters('sites_FunctionAppPHRSearch01_name'), '/', parameters('config_web_name'))]",
            "apiVersion": "2016-08-01",
            "location": "North Europe",
            "tags": {
                "hidden-related:/subscriptions/582bbb5c-6b4d-4744-8af5-3b1002987279/resourceGroups/RipanTest01RG/providers/Microsoft.Web/serverfarms/RipanTest01Plan": "empty"
            },
            "scale": null,
            "properties": {
                "numberOfWorkers": 1,
                "defaultDocuments": [
                    "Default.htm",
                    "Default.html",
                    "Default.asp",
                    "index.htm",
                    "index.html",
                    "iisstart.htm",
                    "default.aspx",
                    "index.php"
                ],
                "netFrameworkVersion": "v4.0",
                "phpVersion": "5.6",
                "pythonVersion": "",
                "nodeVersion": "",
                "linuxFxVersion": "",
                "requestTracingEnabled": false,
                "remoteDebuggingEnabled": true,
                "remoteDebuggingVersion": "VS2017",
                "httpLoggingEnabled": false,
                "logsDirectorySizeLimit": 35,
                "detailedErrorLoggingEnabled": false,
                "publishingUsername": "$FunctionAppPHRSearch01",
                "publishingPassword": null,
                "appSettings": null,
                "metadata": null,
                "connectionStrings": null,
                "machineKey": null,
                "handlerMappings": null,
                "documentRoot": null,
                "scmType": "None",
                "use32BitWorkerProcess": true,
                "webSocketsEnabled": false,
                "alwaysOn": false,
                "javaVersion": null,
                "javaContainer": null,
                "javaContainerVersion": null,
                "appCommandLine": "",
                "managedPipelineMode": "Integrated",
                "virtualApplications": [
                    {
                        "virtualPath": "/",
                        "physicalPath": "site\\wwwroot",
                        "preloadEnabled": false,
                        "virtualDirectories": null
                    }
                ],
                "winAuthAdminState": 0,
                "winAuthTenantState": 0,
                "customAppPoolIdentityAdminState": true,
                "customAppPoolIdentityTenantState": false,
                "runtimeADUser": null,
                "runtimeADUserPassword": null,
                "loadBalancing": "LeastRequests",
                "routingRules": [],
                "experiments": {
                    "rampUpRules": []
                },
                "limits": null,
                "autoHealEnabled": false,
                "autoHealRules": null,
                "tracingOptions": null,
                "vnetName": "",
                "siteAuthEnabled": false,
                "siteAuthSettings": {
                    "enabled": null,
                    "unauthenticatedClientAction": null,
                    "tokenStoreEnabled": null,
                    "allowedExternalRedirectUrls": null,
                    "defaultProvider": null,
                    "clientId": null,
                    "clientSecret": null,
                    "issuer": null,
                    "allowedAudiences": null,
                    "additionalLoginParams": null,
                    "isAadAutoProvisioned": false,
                    "googleClientId": null,
                    "googleClientSecret": null,
                    "googleOAuthScopes": null,
                    "facebookAppId": null,
                    "facebookAppSecret": null,
                    "facebookOAuthScopes": null,
                    "twitterConsumerKey": null,
                    "twitterConsumerSecret": null,
                    "microsoftAccountClientId": null,
                    "microsoftAccountClientSecret": null,
                    "microsoftAccountOAuthScopes": null
                },
                "cors": {
                    "allowedOrigins": [
                        "https://functions.azure.com",
                        "https://functions-staging.azure.com",
                        "https://functions-next.azure.com"
                    ]
                },
                "push": null,
                "apiDefinition": null,
                "autoSwapSlotName": null,
                "localMySqlEnabled": false,
                "managedServiceIdentityId": null,
                "ipSecurityRestrictions": null,
                "http20Enabled": true,
                "minTlsVersion": "1.0"
            },
            "dependsOn": [
                "[resourceId('Microsoft.Web/sites', parameters('sites_FunctionAppPHRSearch01_name'))]"
            ]
        },
        {
            "comments": "Generalized from resource: '/subscriptions/582bbb5c-6b4d-4744-8af5-3b1002987279/resourceGroups/RipanTest01RG/providers/Microsoft.Web/sites/FunctionAppPHRSearch01/hostNameBindings/functionappphrsearch01.azurewebsites.net'.",
            "type": "Microsoft.Web/sites/hostNameBindings",
            "name": "[concat(parameters('sites_FunctionAppPHRSearch01_name'), '/', parameters('hostNameBindings_functionappphrsearch01.azurewebsites.net_name'))]",
            "apiVersion": "2016-08-01",
            "location": "North Europe",
            "scale": null,
            "properties": {
                "siteName": "FunctionAppPHRSearch01",
                "domainId": null,
                "hostNameType": "Verified"
            },
            "dependsOn": [
                "[resourceId('Microsoft.Web/sites', parameters('sites_FunctionAppPHRSearch01_name'))]"
            ]
        },
        {
            "comments": "Generalized from resource: '/subscriptions/582bbb5c-6b4d-4744-8af5-3b1002987279/resourceGroups/RipanTest01RG/providers/Microsoft.Web/sites/CompanySearchAppMVCCore2/config/web'.",
            "type": "Microsoft.Web/sites/config",
            "name": "[concat(parameters('sites_CompanySearchAppMVCCore2_name'), '/', parameters('config_web_name_1'))]",
            "apiVersion": "2016-08-01",
            "location": "North Europe",
            "tags": {
                "hidden-related:/subscriptions/582bbb5c-6b4d-4744-8af5-3b1002987279/resourceGroups/RipanTest01RG/providers/Microsoft.Web/serverfarms/CompanySearchAppMVCCore2": "empty"
            },
            "scale": null,
            "properties": {
                "numberOfWorkers": 1,
                "defaultDocuments": [
                    "Default.htm",
                    "Default.html",
                    "Default.asp",
                    "index.htm",
                    "index.html",
                    "iisstart.htm",
                    "default.aspx",
                    "index.php",
                    "hostingstart.html"
                ],
                "netFrameworkVersion": "v4.0",
                "phpVersion": "5.6",
                "pythonVersion": "",
                "nodeVersion": "",
                "linuxFxVersion": "",
                "requestTracingEnabled": false,
                "remoteDebuggingEnabled": false,
                "remoteDebuggingVersion": null,
                "httpLoggingEnabled": false,
                "logsDirectorySizeLimit": 35,
                "detailedErrorLoggingEnabled": false,
                "publishingUsername": "$CompanySearchAppMVCCore2",
                "publishingPassword": null,
                "appSettings": null,
                "metadata": null,
                "connectionStrings": null,
                "machineKey": null,
                "handlerMappings": null,
                "documentRoot": null,
                "scmType": "None",
                "use32BitWorkerProcess": true,
                "webSocketsEnabled": false,
                "alwaysOn": false,
                "javaVersion": null,
                "javaContainer": null,
                "javaContainerVersion": null,
                "appCommandLine": "",
                "managedPipelineMode": "Integrated",
                "virtualApplications": [
                    {
                        "virtualPath": "/",
                        "physicalPath": "site\\wwwroot",
                        "preloadEnabled": false,
                        "virtualDirectories": null
                    }
                ],
                "winAuthAdminState": 0,
                "winAuthTenantState": 0,
                "customAppPoolIdentityAdminState": true,
                "customAppPoolIdentityTenantState": false,
                "runtimeADUser": null,
                "runtimeADUserPassword": null,
                "loadBalancing": "LeastRequests",
                "routingRules": [],
                "experiments": {
                    "rampUpRules": []
                },
                "limits": null,
                "autoHealEnabled": false,
                "autoHealRules": null,
                "tracingOptions": null,
                "vnetName": "",
                "siteAuthEnabled": false,
                "siteAuthSettings": {
                    "enabled": null,
                    "unauthenticatedClientAction": null,
                    "tokenStoreEnabled": null,
                    "allowedExternalRedirectUrls": null,
                    "defaultProvider": null,
                    "clientId": null,
                    "clientSecret": null,
                    "issuer": null,
                    "allowedAudiences": null,
                    "additionalLoginParams": null,
                    "isAadAutoProvisioned": false,
                    "googleClientId": null,
                    "googleClientSecret": null,
                    "googleOAuthScopes": null,
                    "facebookAppId": null,
                    "facebookAppSecret": null,
                    "facebookOAuthScopes": null,
                    "twitterConsumerKey": null,
                    "twitterConsumerSecret": null,
                    "microsoftAccountClientId": null,
                    "microsoftAccountClientSecret": null,
                    "microsoftAccountOAuthScopes": null
                },
                "cors": null,
                "push": null,
                "apiDefinition": null,
                "autoSwapSlotName": null,
                "localMySqlEnabled": false,
                "managedServiceIdentityId": null,
                "ipSecurityRestrictions": null,
                "http20Enabled": true,
                "minTlsVersion": "1.0"
            },
            "dependsOn": [
                "[resourceId('Microsoft.Web/sites', parameters('sites_CompanySearchAppMVCCore2_name'))]"
            ]
        },
        {
            "comments": "Generalized from resource: '/subscriptions/582bbb5c-6b4d-4744-8af5-3b1002987279/resourceGroups/RipanTest01RG/providers/Microsoft.Web/sites/CompanySearchAppMVCCore2/hostNameBindings/companysearchappmvccore2.azurewebsites.net'.",
            "type": "Microsoft.Web/sites/hostNameBindings",
            "name": "[concat(parameters('sites_CompanySearchAppMVCCore2_name'), '/', parameters('hostNameBindings_companysearchappmvccore2.azurewebsites.net_name'))]",
            "apiVersion": "2016-08-01",
            "location": "North Europe",
            "scale": null,
            "properties": {
                "siteName": "CompanySearchAppMVCCore2",
                "domainId": null,
                "hostNameType": "Verified"
            },
            "dependsOn": [
                "[resourceId('Microsoft.Web/sites', parameters('sites_CompanySearchAppMVCCore2_name'))]"
            ]
        }
    ]
}